-1.9383333921432495,-4.522777557373047,0.018542440608143806
-1.7537301778793335,-4.707380771636963,0.00672914506867528
-1.7537301778793335,-4.522777557373047,0.045592740178108215
-1.5691269636154175,-4.522777557373047,0.026515044271945953
3.415158748626709,-4.522777557373047,0.004684124607592821
3.599761962890625,-4.522777557373047,0.03546934202313423
3.784365177154541,-4.522777557373047,0.030974309891462326
3.968968152999878,-4.522777557373047,0.00858351867645979
-5.815000057220459,-4.338174819946289,0.02173810452222824
-2.122936487197876,-4.338174819946289,0.030754931271076202
-1.9383333921432495,-4.338174819946289,0.07079710811376572
-1.7537301778793335,-4.338174819946289,0.09784740954637527
-1.5691269636154175,-4.338174819946289,0.07876971364021301
-1.384523868560791,-4.338174819946289,0.04234141483902931
-1.199920654296875,-4.338174819946289,0.0098423408344388
2.492142915725708,-4.338174819946289,0.018694475293159485
2.676746129989624,-4.338174819946289,0.006348917260766029
3.045952320098877,-4.338174819946289,0.0010199067182838917
3.230555534362793,-4.338174819946289,0.01558057963848114
3.415158748626709,-4.338174819946289,0.056938789784908295
3.599761962890625,-4.338174819946289,0.08772400766611099
3.784365177154541,-4.338174819946289,0.08322898298501968
3.968968152999878,-4.338174819946289,0.060838181525468826
4.153571605682373,-4.338174819946289,0.011843944899737835
-5.815000057220459,-4.153571605682373,0.07773840427398682
-5.630396842956543,-4.153571605682373,0.029481125995516777
-3.045952320098877,-4.153571605682373,0.018521128222346306
-2.861349105834961,-4.153571605682373,0.02726561948657036
-2.676746129989624,-4.153571605682373,0.016544537618756294
-2.492142915725708,-4.153571605682373,0.014068638905882835
-2.307539701461792,-4.153571605682373,0.04737051948904991
-2.122936487197876,-4.153571605682373,0.08675523102283478
-1.9383333921432495,-4.153571605682373,0.1267974078655243
-1.7537301778793335,-4.153571605682373,0.15384770929813385
-1.5691269636154175,-4.153571605682373,0.134770005941391
-1.384523868560791,-4.153571605682373,0.09834172576665878
-1.199920654296875,-4.153571605682373,0.0658426433801651
-1.015317440032959,-4.153571605682373,0.036802422255277634
-0.8307142853736877,-4.153571605682373,0.03990898281335831
-0.6461111307144165,-4.153571605682373,0.05496722832322121
-0.4615079462528229,-4.153571605682373,0.04684283211827278
-0.27690476179122925,-4.153571605682373,0.025590594857931137
2.122936487197876,-4.153571605682373,0.001755993813276291
2.307539701461792,-4.153571605682373,0.04875369742512703
2.492142915725708,-4.153571605682373,0.07469478249549866
2.676746129989624,-4.153571605682373,0.062349218875169754
2.861349105834961,-4.153571605682373,0.052898671478033066
3.045952320098877,-4.153571605682373,0.05702020600438118
3.230555534362793,-4.153571605682373,0.07158088684082031
3.415158748626709,-4.153571605682373,0.11293908953666687
3.599761962890625,-4.153571605682373,0.14372430741786957
3.784365177154541,-4.153571605682373,0.13922926783561707
3.968968152999878,-4.153571605682373,0.1168384924530983
4.153571605682373,-4.153571605682373,0.06784424930810928
4.338174819946289,-4.153571605682373,0.01778796873986721
4.522777557373047,-4.153571605682373,0.002489994512870908
4.891983985900879,-4.153571605682373,0.003360933158546686
5.076587200164795,-4.153571605682373,0.006253483705222607
-5.815000057220459,-3.968968152999878,0.08197028934955597
-5.630396842956543,-3.968968152999878,0.03371300548315048
-3.230555534362793,-3.968968152999878,0.0034171680454164743
-3.045952320098877,-3.968968152999878,0.02275300957262516
-2.861349105834961,-3.968968152999878,0.03149750083684921
-2.676746129989624,-3.968968152999878,0.02077641896903515
-2.492142915725708,-3.968968152999878,0.01830052025616169
-2.307539701461792,-3.968968152999878,0.051602400839328766
-2.122936487197876,-3.968968152999878,0.09098711609840393
-1.9383333921432495,-3.968968152999878,0.13102929294109344
-1.7537301778793335,-3.968968152999878,0.1580795794725418
-1.5691269636154175,-3.968968152999878,0.13900189101696014
-1.384523868560791,-3.968968152999878,0.10257360339164734
-1.199920654296875,-3.968968152999878,0.07007452845573425
-1.015317440032959,-3.968968152999878,0.04103430360555649
-0.8307142853736877,-3.968968152999878,0.04414086416363716
-0.6461111307144165,-3.968968152999878,0.05919910967350006
-0.4615079462528229,-3.968968152999878,0.05107470974326134
-0.27690476179122925,-3.968968152999878,0.029822472482919693
2.122936487197876,-3.968968152999878,0.005987875163555145
2.307539701461792,-3.968968152999878,0.052985578775405884
2.492142915725708,-3.968968152999878,0.07892666012048721
2.676746129989624,-3.968968152999878,0.06658110022544861
2.861349105834961,-3.968968152999878,0.05713055282831192
3.045952320098877,-3.968968152999878,0.061252087354660034
3.230555534362793,-3.968968152999878,0.07581276446580887
3.415158748626709,-3.968968152999878,0.11717096716165543
3.599761962890625,-3.968968152999878,0.14795619249343872
3.784365177154541,-3.968968152999878,0.14346115291118622
3.968968152999878,-3.968968152999878,0.12107037007808685
4.153571605682373,-3.968968152999878,0.07207613438367844
4.338174819946289,-3.968968152999878,0.022019850090146065
4.522777557373047,-3.968968152999878,0.0067218756303191185
4.707380771636963,-3.968968152999878,0.0033608824014663696
4.891983985900879,-3.968968152999878,0.007592814043164253
5.076587200164795,-3.968968152999878,0.010485365055501461
-5.815000057220459,-3.784365177154541,0.07736176997423172
-5.630396842956543,-3.784365177154541,0.029104486107826233
-3.045952320098877,-3.784365177154541,0.01814448833465576
-2.861349105834961,-3.784365177154541,0.026888979598879814
-2.676746129989624,-3.784365177154541,0.01616789773106575
-2.492142915725708,-3.784365177154541,0.013691998086869717
-2.307539701461792,-3.784365177154541,0.04699387773871422
-2.122936487197876,-3.784365177154541,0.08637859672307968
-1.9383333921432495,-3.784365177154541,0.1264207661151886
-1.7537301778793335,-3.784365177154541,0.15347106754779816
-1.5691269636154175,-3.784365177154541,0.1343933641910553
-1.384523868560791,-3.784365177154541,0.09796507656574249
-1.199920654296875,-3.784365177154541,0.0654660016298294
-1.015317440032959,-3.784365177154541,0.03642578423023224
-0.8307142853736877,-3.784365177154541,0.03953234478831291
-0.6461111307144165,-3.784365177154541,0.05459058657288551
-0.4615079462528229,-3.784365177154541,0.04646618664264679
-0.27690476179122925,-3.784365177154541,0.025213953107595444
2.122936487197876,-3.784365177154541,0.0013793534599244595
2.307539701461792,-3.784365177154541,0.048377059400081635
2.492142915725708,-3.784365177154541,0.07431814074516296
2.676746129989624,-3.784365177154541,0.06197257712483406
2.861349105834961,-3.784365177154541,0.05252203345298767
3.045952320098877,-3.784365177154541,0.056643567979335785
3.230555534362793,-3.784365177154541,0.07120424509048462
3.415158748626709,-3.784365177154541,0.11256246268749237
3.599761962890625,-3.784365177154541,0.14334766566753387
3.784365177154541,-3.784365177154541,0.13885262608528137
3.968968152999878,-3.784365177154541,0.1164618507027626
4.153571605682373,-3.784365177154541,0.06746760755777359
4.338174819946289,-3.784365177154541,0.017411326989531517
4.522777557373047,-3.784365177154541,0.0021133541595190763
4.891983985900879,-3.784365177154541,0.002984292572364211
5.076587200164795,-3.784365177154541,0.005876842886209488
-5.815000057220459,-3.599761962890625,0.08291509002447128
-5.630396842956543,-3.599761962890625,0.034657806158065796
-3.230555534362793,-3.599761962890625,0.004361970350146294
-3.045952320098877,-3.599761962890625,0.023697812110185623
-2.861349105834961,-3.599761962890625,0.032442301511764526
-2.676746129989624,-3.599761962890625,0.02172122336924076
-2.492142915725708,-3.599761962890625,0.019245322793722153
-2.307539701461792,-3.599761962890625,0.05254720151424408
-2.122936487197876,-3.599761962890625,0.09193191677331924
-1.9383333921432495,-3.599761962890625,0.13197408616542816
-1.7537301778793335,-3.599761962890625,0.15902438759803772
-1.5691269636154175,-3.599761962890625,0.13994669914245605
-1.384523868560791,-3.599761962890625,0.10351841151714325
-1.199920654296875,-3.599761962890625,0.07101932913064957
-1.015317440032959,-3.599761962890625,0.0419791042804718
-0.8307142853736877,-3.599761962890625,0.04508566856384277
-0.6461111307144165,-3.599761962890625,0.060143910348415375
-0.4615079462528229,-3.599761962890625,0.05201951041817665
-0.27690476179122925,-3.599761962890625,0.030767275020480156
2.122936487197876,-3.599761962890625,0.006932677235454321
2.307539701461792,-3.599761962890625,0.053930383175611496
2.492142915725708,-3.599761962890625,0.07987146824598312
2.676746129989624,-3.599761962890625,0.06752590090036392
2.861349105834961,-3.599761962890625,0.05807535722851753
3.045952320098877,-3.599761962890625,0.062196891754865646
3.230555534362793,-3.599761962890625,0.07675756514072418
3.415158748626709,-3.599761962890625,0.11811578273773193
3.599761962890625,-3.599761962890625,0.14890098571777344
3.784365177154541,-3.599761962890625,0.14440596103668213
3.968968152999878,-3.599761962890625,0.12201517075300217
4.153571605682373,-3.599761962890625,0.07302093505859375
4.338174819946289,-3.599761962890625,0.02296465076506138
4.522777557373047,-3.599761962890625,0.0076666781678795815
4.707380771636963,-3.599761962890625,0.004305684939026833
4.891983985900879,-3.599761962890625,0.008537616580724716
5.076587200164795,-3.599761962890625,0.011430167593061924
-5.815000057220459,-3.415158748626709,0.12334877997636795
-5.630396842956543,-3.415158748626709,0.07509150356054306
-5.445793628692627,-3.415158748626709,0.025062009692192078
-3.230555534362793,-3.415158748626709,0.04479566216468811
-3.045952320098877,-3.415158748626709,0.06413150578737259
-2.861349105834961,-3.415158748626709,0.07287599891424179
-2.676746129989624,-3.415158748626709,0.06215491518378258
-2.492142915725708,-3.415158748626709,0.05967901274561882
-2.307539701461792,-3.415158748626709,0.09298089891672134
-2.122936487197876,-3.415158748626709,0.1323656141757965
-1.9383333921432495,-3.415158748626709,0.17240777611732483
-1.7537301778793335,-3.415158748626709,0.19945809245109558
-1.5691269636154175,-3.415158748626709,0.18038038909435272
-1.384523868560791,-3.415158748626709,0.14395208656787872
-1.199920654296875,-3.415158748626709,0.11145302653312683
-1.015317440032959,-3.415158748626709,0.08241280168294907
-0.8307142853736877,-3.415158748626709,0.08551936596632004
-0.6461111307144165,-3.415158748626709,0.10057760775089264
-0.4615079462528229,-3.415158748626709,0.09245321154594421
-0.27690476179122925,-3.415158748626709,0.07120097428560257
-0.09230158478021622,-3.415158748626709,0.02387298457324505
2.122936487197876,-3.415158748626709,0.047366369515657425
2.307539701461792,-3.415158748626709,0.09436407685279846
2.492142915725708,-3.415158748626709,0.12030515819787979
2.676746129989624,-3.415158748626709,0.10795961320400238
2.861349105834961,-3.415158748626709,0.0985090509057045
3.045952320098877,-3.415158748626709,0.10263059288263321
3.230555534362793,-3.415158748626709,0.11719126254320145
3.415158748626709,-3.415158748626709,0.1585494726896286
3.599761962890625,-3.415158748626709,0.1893346905708313
3.784365177154541,-3.415158748626709,0.1848396509885788
3.968968152999878,-3.415158748626709,0.16244885325431824
4.153571605682373,-3.415158748626709,0.11345463246107101
4.338174819946289,-3.415158748626709,0.0633983463048935
4.522777557373047,-3.415158748626709,0.04810037091374397
4.707380771636963,-3.415158748626709,0.04473937675356865
4.891983985900879,-3.415158748626709,0.048971306532621384
5.076587200164795,-3.415158748626709,0.051863860338926315
5.261190414428711,-3.415158748626709,0.017150163650512695
-5.815000057220459,-3.230555534362793,0.1890392154455185
-5.630396842956543,-3.230555534362793,0.1407819241285324
-5.445793628692627,-3.230555534362793,0.09075244516134262
-5.261190414428711,-3.230555534362793,0.0380774661898613
-5.076587200164795,-3.230555534362793,0.017777644097805023
-4.891983985900879,-3.230555534362793,0.031057028099894524
-4.707380771636963,-3.230555534362793,0.04007669910788536
-4.522777557373047,-3.230555534362793,0.04699225723743439
-4.338174819946289,-3.230555534362793,0.03543418273329735
-3.599761962890625,-3.230555534362793,0.004867399577051401
-3.415158748626709,-3.230555534362793,0.06236986815929413
-3.230555534362793,-3.230555534362793,0.11048609763383865
-3.045952320098877,-3.230555534362793,0.12982194125652313
-2.861349105834961,-3.230555534362793,0.13856641948223114
-2.676746129989624,-3.230555534362793,0.12784534692764282
-2.492142915725708,-3.230555534362793,0.12536944448947906
-2.307539701461792,-3.230555534362793,0.1586713194847107
-2.122936487197876,-3.230555534362793,0.19805602729320526
-1.9383333921432495,-3.230555534362793,0.23809821903705597
-1.7537301778793335,-3.230555534362793,0.2651485204696655
-1.5691269636154175,-3.230555534362793,0.24607081711292267
-1.384523868560791,-3.230555534362793,0.20964251458644867
-1.199920654296875,-3.230555534362793,0.17714343965053558
-1.015317440032959,-3.230555534362793,0.14810322225093842
-0.8307142853736877,-3.230555534362793,0.1512097865343094
-0.6461111307144165,-3.230555534362793,0.16626803576946259
-0.4615079462528229,-3.230555534362793,0.15814363956451416
-0.27690476179122925,-3.230555534362793,0.13689139485359192
-0.09230158478021622,-3.230555534362793,0.08956341445446014
0.09230158478021622,-3.230555534362793,0.02732185646891594
0.6461111307144165,-3.230555534362793,0.0016866116784512997
0.8307142853736877,-3.230555534362793,0.033936262130737305
1.015317440032959,-3.230555534362793,0.04197290167212486
1.199920654296875,-3.230555534362793,0.027257993817329407
1.384523868560791,-3.230555534362793,0.013606255874037743
1.7537301778793335,-3.230555534362793,0.011106185615062714
1.9383333921432495,-3.230555534362793,0.06267552822828293
2.122936487197876,-3.230555534362793,0.11305680125951767
2.307539701461792,-3.230555534362793,0.1600545048713684
2.492142915725708,-3.230555534362793,0.18599557876586914
2.676746129989624,-3.230555534362793,0.17365002632141113
2.861349105834961,-3.230555534362793,0.16419948637485504
3.045952320098877,-3.230555534362793,0.16832101345062256
3.230555534362793,-3.230555534362793,0.1828816682100296
3.415158748626709,-3.230555534362793,0.22423988580703735
3.599761962890625,-3.230555534362793,0.25502511858940125
3.784365177154541,-3.230555534362793,0.25053009390830994
3.968968152999878,-3.230555534362793,0.22813929617404938
4.153571605682373,-3.230555534362793,0.17914505302906036
4.338174819946289,-3.230555534362793,0.12908877432346344
4.522777557373047,-3.230555534362793,0.11379080265760422
4.707380771636963,-3.230555534362793,0.1104298084974289
4.891983985900879,-3.230555534362793,0.11466173827648163
5.076587200164795,-3.230555534362793,0.11755429208278656
5.261190414428711,-3.230555534362793,0.08284059166908264
5.445793628692627,-3.230555534362793,0.03361593186855316
-5.815000057220459,-3.045952320098877,0.21812105178833008
-5.630396842956543,-3.045952320098877,0.16986379027366638
-5.445793628692627,-3.045952320098877,0.1198342964053154
-5.261190414428711,-3.045952320098877,0.06715932488441467
-5.076587200164795,-3.045952320098877,0.0468595027923584
-4.891983985900879,-3.045952320098877,0.06013888493180275
-4.707380771636963,-3.045952320098877,0.06915856152772903
-4.522777557373047,-3.045952320098877,0.07607412338256836
-4.338174819946289,-3.045952320098877,0.06451603770256042
-4.153571605682373,-3.045952320098877,0.02593337371945381
-3.968968152999878,-3.045952320098877,0.005347425118088722
-3.784365177154541,-3.045952320098877,0.009085709229111671
-3.599761962890625,-3.045952320098877,0.03394925966858864
-3.415158748626709,-3.045952320098877,0.0914517268538475
-3.230555534362793,-3.045952320098877,0.13956794142723083
-3.045952320098877,-3.045952320098877,0.1589037925004959
-2.861349105834961,-3.045952320098877,0.1676482856273651
-2.676746129989624,-3.045952320098877,0.1569271981716156
-2.492142915725708,-3.045952320098877,0.15445129573345184
-2.307539701461792,-3.045952320098877,0.18775317072868347
-2.122936487197876,-3.045952320098877,0.22713789343833923
-1.9383333921432495,-3.045952320098877,0.26718008518218994
-1.7537301778793335,-3.045952320098877,0.2942303717136383
-1.5691269636154175,-3.045952320098877,0.27515268325805664
-1.384523868560791,-3.045952320098877,0.23872438073158264
-1.199920654296875,-3.045952320098877,0.20622530579566956
-1.015317440032959,-3.045952320098877,0.1771850734949112
-0.8307142853736877,-3.045952320098877,0.18029165267944336
-0.6461111307144165,-3.045952320098877,0.19534988701343536
-0.4615079462528229,-3.045952320098877,0.18722549080848694
-0.27690476179122925,-3.045952320098877,0.1659732460975647
-0.09230158478021622,-3.045952320098877,0.11864527314901352
0.09230158478021622,-3.045952320098877,0.056403715163469315
0.27690476179122925,-3.045952320098877,0.025484232231974602
0.4615079462528229,-3.045952320098877,0.018320970237255096
0.6461111307144165,-3.045952320098877,0.030768470838665962
0.8307142853736877,-3.045952320098877,0.06301812082529068
1.015317440032959,-3.045952320098877,0.07105476409196854
1.199920654296875,-3.045952320098877,0.056339848786592484
1.384523868560791,-3.045952320098877,0.04268811270594597
1.5691269636154175,-3.045952320098877,0.026323754340410233
1.7537301778793335,-3.045952320098877,0.04018804058432579
1.9383333921432495,-3.045952320098877,0.0917573943734169
2.122936487197876,-3.045952320098877,0.14213864505290985
2.307539701461792,-3.045952320098877,0.1891363561153412
2.492142915725708,-3.045952320098877,0.2150774449110031
2.676746129989624,-3.045952320098877,0.2027318775653839
2.861349105834961,-3.045952320098877,0.19328133761882782
3.045952320098877,-3.045952320098877,0.19740286469459534
3.230555534362793,-3.045952320098877,0.21196354925632477
3.415158748626709,-3.045952320098877,0.2533217668533325
3.599761962890625,-3.045952320098877,0.2841069996356964
3.784365177154541,-3.045952320098877,0.2796119451522827
3.968968152999878,-3.045952320098877,0.25722116231918335
4.153571605682373,-3.045952320098877,0.20822690427303314
4.338174819946289,-3.045952320098877,0.15817062556743622
4.522777557373047,-3.045952320098877,0.1428726613521576
4.707380771636963,-3.045952320098877,0.13951165974140167
4.891983985900879,-3.045952320098877,0.1437435895204544
5.076587200164795,-3.045952320098877,0.14663614332675934
5.261190414428711,-3.045952320098877,0.11192245036363602
5.445793628692627,-3.045952320098877,0.06269779056310654
5.630396842956543,-3.045952320098877,0.023300591856241226
-5.815000057220459,-2.861349105834961,0.21620245277881622
-5.630396842956543,-2.861349105834961,0.16794516146183014
-5.445793628692627,-2.861349105834961,0.11791568249464035
-5.261190414428711,-2.861349105834961,0.06524070352315903
-5.076587200164795,-2.861349105834961,0.04494088143110275
-4.891983985900879,-2.861349105834961,0.058220263570547104
-4.707380771636963,-2.861349105834961,0.06723994016647339
-4.522777557373047,-2.861349105834961,0.07415549457073212
-4.338174819946289,-2.861349105834961,0.06259741634130478
-4.153571605682373,-2.861349105834961,0.024014750495553017
-3.968968152999878,-2.861349105834961,0.003428802592679858
-3.784365177154541,-2.861349105834961,0.007167086936533451
-3.599761962890625,-2.861349105834961,0.032030634582042694
-3.415158748626709,-2.861349105834961,0.08953310549259186
-3.230555534362793,-2.861349105834961,0.1376493275165558
-3.045952320098877,-2.861349105834961,0.15698516368865967
-2.861349105834961,-2.861349105834961,0.16572965681552887
-2.676746129989624,-2.861349105834961,0.15500856935977936
-2.492142915725708,-2.861349105834961,0.1525326669216156
-2.307539701461792,-2.861349105834961,0.18583454191684723
-2.122936487197876,-2.861349105834961,0.22521927952766418
-1.9383333921432495,-2.861349105834961,0.2652614414691925
-1.7537301778793335,-2.861349105834961,0.29231175780296326
-1.5691269636154175,-2.861349105834961,0.2732340693473816
-1.384523868560791,-2.861349105834961,0.2368057519197464
-1.199920654296875,-2.861349105834961,0.2043066769838333
-1.015317440032959,-2.861349105834961,0.17526645958423615
-0.8307142853736877,-2.861349105834961,0.17837302386760712
-0.6461111307144165,-2.861349105834961,0.19343127310276031
-0.4615079462528229,-2.861349105834961,0.1853068619966507
-0.27690476179122925,-2.861349105834961,0.16405461728572845
-0.09230158478021622,-2.861349105834961,0.11672663688659668
0.09230158478021622,-2.861349105834961,0.05448509007692337
0.27690476179122925,-2.861349105834961,0.023565610870718956
0.4615079462528229,-2.861349105834961,0.01640234887599945
0.6461111307144165,-2.861349105834961,0.028849847614765167
0.8307142853736877,-2.861349105834961,0.061099495738744736
1.015317440032959,-2.861349105834961,0.06913614273071289
1.199920654296875,-2.861349105834961,0.05442122742533684
1.384523868560791,-2.861349105834961,0.04076949134469032
1.5691269636154175,-2.861349105834961,0.024405132979154587
1.7537301778793335,-2.861349105834961,0.03826942294836044
1.9383333921432495,-2.861349105834961,0.08983876556158066
2.122936487197876,-2.861349105834961,0.1402200311422348
2.307539701461792,-2.861349105834961,0.18721774220466614
2.492142915725708,-2.861349105834961,0.21315881609916687
2.676746129989624,-2.861349105834961,0.20081324875354767
2.861349105834961,-2.861349105834961,0.19136270880699158
3.045952320098877,-2.861349105834961,0.1954842358827591
3.230555534362793,-2.861349105834961,0.21004492044448853
3.415158748626709,-2.861349105834961,0.25140315294265747
3.599761962890625,-2.861349105834961,0.282188355922699
3.784365177154541,-2.861349105834961,0.27769333124160767
3.968968152999878,-2.861349105834961,0.2553025186061859
4.153571605682373,-2.861349105834961,0.2063082754611969
4.338174819946289,-2.861349105834961,0.15625199675559998
4.522777557373047,-2.861349105834961,0.14095403254032135
4.707380771636963,-2.861349105834961,0.13759303092956543
4.891983985900879,-2.861349105834961,0.14182497560977936
5.076587200164795,-2.861349105834961,0.1447175145149231
5.261190414428711,-2.861349105834961,0.11000382900238037
5.445793628692627,-2.861349105834961,0.06077916547656059
5.630396842956543,-2.861349105834961,0.02138196863234043
-5.815000057220459,-2.676746129989624,0.16605406999588013
-5.630396842956543,-2.676746129989624,0.11779680103063583
-5.445793628692627,-2.676746129989624,0.06776729971170425
-5.261190414428711,-2.676746129989624,0.015092330984771252
-4.891983985900879,-2.676746129989624,0.008071891032159328
-4.707380771636963,-2.676746129989624,0.01709156297147274
-4.522777557373047,-2.676746129989624,0.024007122963666916
-4.338174819946289,-2.676746129989624,0.012449048459529877
-3.415158748626709,-2.676746129989624,0.03938473016023636
-3.230555534362793,-2.676746129989624,0.08750095218420029
-3.045952320098877,-2.676746129989624,0.10683680325746536
-2.861349105834961,-2.676746129989624,0.11558129638433456
-2.676746129989624,-2.676746129989624,0.10486020892858505
-2.492142915725708,-2.676746129989624,0.1023843064904213
-2.307539701461792,-2.676746129989624,0.13568618893623352
-2.122936487197876,-2.676746129989624,0.1750708818435669
-1.9383333921432495,-2.676746129989624,0.2151130735874176
-1.7537301778793335,-2.676746129989624,0.24216337502002716
-1.5691269636154175,-2.676746129989624,0.2230856716632843
-1.384523868560791,-2.676746129989624,0.1866573840379715
-1.199920654296875,-2.676746129989624,0.1541583091020584
-1.015317440032959,-2.676746129989624,0.12511809170246124
-0.8307142853736877,-2.676746129989624,0.12822465598583221
-0.6461111307144165,-2.676746129989624,0.14328289031982422
-0.4615079462528229,-2.676746129989624,0.1351584941148758
-0.27690476179122925,-2.676746129989624,0.11390625685453415
-0.09230158478021622,-2.676746129989624,0.06657827645540237
0.09230158478021622,-2.676746129989624,0.004336720332503319
0.8307142853736877,-2.676746129989624,0.010951126925647259
1.015317440032959,-2.676746129989624,0.01898776739835739
1.199920654296875,-2.676746129989624,0.004272856749594212
1.9383333921432495,-2.676746129989624,0.03969039395451546
2.122936487197876,-2.676746129989624,0.0900716707110405
2.307539701461792,-2.676746129989624,0.13706935942173004
2.492142915725708,-2.676746129989624,0.16301044821739197
2.676746129989624,-2.676746129989624,0.15066488087177277
2.861349105834961,-2.676746129989624,0.14121434092521667
3.045952320098877,-2.676746129989624,0.14533588290214539
3.230555534362793,-2.676746129989624,0.15989653766155243
3.415158748626709,-2.676746129989624,0.20125475525856018
3.599761962890625,-2.676746129989624,0.23203997313976288
3.784365177154541,-2.676746129989624,0.22754493355751038
3.968968152999878,-2.676746129989624,0.205154150724411
4.153571605682373,-2.676746129989624,0.156159907579422
4.338174819946289,-2.676746129989624,0.10610363632440567
4.522777557373047,-2.676746129989624,0.09080566465854645
4.707380771636963,-2.676746129989624,0.08744467049837112
4.891983985900879,-2.676746129989624,0.09167660772800446
5.076587200164795,-2.676746129989624,0.09456916153430939
5.261190414428711,-2.676746129989624,0.05985545367002487
5.445793628692627,-2.676746129989624,0.010630794800817966
-5.815000057220459,-2.492142915725708,0.13642525672912598
-5.630396842956543,-2.492142915725708,0.08816797286272049
-5.445793628692627,-2.492142915725708,0.03813847899436951
-3.415158748626709,-2.492142915725708,0.009755907580256462
-3.230555534362793,-2.492142915725708,0.05787213146686554
-3.045952320098877,-2.492142915725708,0.07720797508955002
-2.861349105834961,-2.492142915725708,0.08595246821641922
-2.676746129989624,-2.492142915725708,0.0752313882112503
-2.492142915725708,-2.492142915725708,0.07275548577308655
-2.307539701461792,-2.492142915725708,0.10605736821889877
-2.122936487197876,-2.492142915725708,0.14544206857681274
-1.9383333921432495,-2.492142915725708,0.18548424541950226
-1.7537301778793335,-2.492142915725708,0.212534561753273
-1.5691269636154175,-2.492142915725708,0.19345685839653015
-1.384523868560791,-2.492142915725708,0.15702855587005615
-1.199920654296875,-2.492142915725708,0.12452948838472366
-1.015317440032959,-2.492142915725708,0.09548927843570709
-0.8307142853736877,-2.492142915725708,0.09859582781791687
-0.6461111307144165,-2.492142915725708,0.11365407705307007
-0.4615079462528229,-2.492142915725708,0.10552968084812164
-0.27690476179122925,-2.492142915725708,0.0842774361371994
-0.09230158478021622,-2.492142915725708,0.03694945201277733
1.9383333921432495,-2.492142915725708,0.010061570443212986
2.122936487197876,-2.492142915725708,0.060442835092544556
2.307539701461792,-2.492142915725708,0.10744055360555649
2.492142915725708,-2.492142915725708,0.13338162004947662
2.676746129989624,-2.492142915725708,0.12103606760501862
2.861349105834961,-2.492142915725708,0.11158552020788193
3.045952320098877,-2.492142915725708,0.11570704728364944
3.230555534362793,-2.492142915725708,0.13026772439479828
3.415158748626709,-2.492142915725708,0.17162592709064484
3.599761962890625,-2.492142915725708,0.20241114497184753
3.784365177154541,-2.492142915725708,0.19791612029075623
3.968968152999878,-2.492142915725708,0.17552533745765686
4.153571605682373,-2.492142915725708,0.12653109431266785
4.338174819946289,-2.492142915725708,0.07647481560707092
4.522777557373047,-2.492142915725708,0.0611768402159214
4.707380771636963,-2.492142915725708,0.05781584605574608
4.891983985900879,-2.492142915725708,0.06204777956008911
5.076587200164795,-2.492142915725708,0.06494033336639404
5.261190414428711,-2.492142915725708,0.030226632952690125
-5.815000057220459,-2.307539701461792,0.13071608543395996
-5.630396842956543,-2.307539701461792,0.08245880901813507
-5.445793628692627,-2.307539701461792,0.03242931142449379
-3.415158748626709,-2.307539701461792,0.0040467423386871815
-3.230555534362793,-2.307539701461792,0.05216296762228012
-3.045952320098877,-2.307539701461792,0.0714988112449646
-2.861349105834961,-2.307539701461792,0.0802433043718338
-2.676746129989624,-2.307539701461792,0.06952222436666489
-2.492142915725708,-2.307539701461792,0.06704632192850113
-2.307539701461792,-2.307539701461792,0.10034819692373276
-2.122936487197876,-2.307539701461792,0.13973291218280792
-1.9383333921432495,-2.307539701461792,0.17977508902549744
-1.7537301778793335,-2.307539701461792,0.2068253755569458
-1.5691269636154175,-2.307539701461792,0.18774767220020294
-1.384523868560791,-2.307539701461792,0.15131939947605133
-1.199920654296875,-2.307539701461792,0.11882033199071884
-1.015317440032959,-2.307539701461792,0.08978010714054108
-0.8307142853736877,-2.307539701461792,0.09288667142391205
-0.6461111307144165,-2.307539701461792,0.10794491320848465
-0.4615079462528229,-2.307539701461792,0.09982051700353622
-0.27690476179122925,-2.307539701461792,0.07856827229261398
-0.09230158478021622,-2.307539701461792,0.03124028630554676
1.9383333921432495,-2.307539701461792,0.0043524038046598434
2.122936487197876,-2.307539701461792,0.054733674973249435
2.307539701461792,-2.307539701461792,0.10173138231039047
2.492142915725708,-2.307539701461792,0.1276724636554718
2.676746129989624,-2.307539701461792,0.1153268963098526
2.861349105834961,-2.307539701461792,0.10587635636329651
3.045952320098877,-2.307539701461792,0.10999789088964462
3.230555534362793,-2.307539701461792,0.12455856800079346
3.415158748626709,-2.307539701461792,0.16591677069664001
3.599761962890625,-2.307539701461792,0.1967019885778427
3.784365177154541,-2.307539701461792,0.1922069638967514
3.968968152999878,-2.307539701461792,0.16981616616249084
4.153571605682373,-2.307539701461792,0.12082192301750183
4.338174819946289,-2.307539701461792,0.0707656517624855
4.522777557373047,-2.307539701461792,0.055467672646045685
4.707380771636963,-2.307539701461792,0.05210668221116066
4.891983985900879,-2.307539701461792,0.056338611990213394
5.076587200164795,-2.307539701461792,0.05923116207122803
5.261190414428711,-2.307539701461792,0.024517467245459557
-5.815000057220459,-2.122936487197876,0.1445264369249344
-5.630396842956543,-2.122936487197876,0.0962691530585289
-5.445793628692627,-2.122936487197876,0.04623965919017792
-4.522777557373047,-2.122936487197876,0.0024794796481728554
-3.415158748626709,-2.122936487197876,0.017857089638710022
-3.230555534362793,-2.122936487197876,0.06597331166267395
-3.045952320098877,-2.122936487197876,0.08530915528535843
-2.861349105834961,-2.122936487197876,0.09405364841222763
-2.676746129989624,-2.122936487197876,0.08333256840705872
-2.492142915725708,-2.122936487197876,0.08085666596889496
-2.307539701461792,-2.122936487197876,0.11415854841470718
-2.122936487197876,-2.122936487197876,0.15354324877262115
-1.9383333921432495,-2.122936487197876,0.19358542561531067
-1.7537301778793335,-2.122936487197876,0.22063574194908142
-1.5691269636154175,-2.122936487197876,0.20155803859233856
-1.384523868560791,-2.122936487197876,0.16512973606586456
-1.199920654296875,-2.122936487197876,0.13263066112995148
-1.015317440032959,-2.122936487197876,0.1035904586315155
-0.8307142853736877,-2.122936487197876,0.10669700801372528
-0.6461111307144165,-2.122936487197876,0.12175525724887848
-0.4615079462528229,-2.122936487197876,0.11363086104393005
-0.27690476179122925,-2.122936487197876,0.09237861633300781
-0.09230158478021622,-2.122936487197876,0.04505063220858574
1.9383333921432495,-2.122936487197876,0.01816275157034397
2.122936487197876,-2.122936487197876,0.06854402273893356
2.307539701461792,-2.122936487197876,0.1155417263507843
2.492142915725708,-2.122936487197876,0.14148280024528503
2.676746129989624,-2.122936487197876,0.12913724780082703
2.861349105834961,-2.122936487197876,0.11968670040369034
3.045952320098877,-2.122936487197876,0.12380824238061905
3.230555534362793,-2.122936487197876,0.1383689045906067
3.415158748626709,-2.122936487197876,0.17972710728645325
3.599761962890625,-2.122936487197876,0.21051234006881714
3.784365177154541,-2.122936487197876,0.20601730048656464
3.968968152999878,-2.122936487197876,0.18362651765346527
4.153571605682373,-2.122936487197876,0.13463227450847626
4.338174819946289,-2.122936487197876,0.08457600325345993
4.522777557373047,-2.122936487197876,0.06927802413702011
4.707380771636963,-2.122936487197876,0.06591702997684479
4.891983985900879,-2.122936487197876,0.07014895975589752
5.076587200164795,-2.122936487197876,0.07304151356220245
5.261190414428711,-2.122936487197876,0.038327813148498535
-5.815000057220459,-1.9383333921432495,0.14576050639152527
-5.630396842956543,-1.9383333921432495,0.09750322997570038
-5.445793628692627,-1.9383333921432495,0.0474737323820591
-4.522777557373047,-1.9383333921432495,0.003713553072884679
-3.415158748626709,-1.9383333921432495,0.019091162830591202
-3.230555534362793,-1.9383333921432495,0.06720738857984543
-3.045952320098877,-1.9383333921432495,0.08654323220252991
-2.861349105834961,-1.9383333921432495,0.09528771787881851
-2.676746129989624,-1.9383333921432495,0.0845666378736496
-2.492142915725708,-1.9383333921432495,0.08209074288606644
-2.307539701461792,-1.9383333921432495,0.11539263278245926
-2.122936487197876,-1.9383333921432495,0.15477733314037323
-1.9383333921432495,-1.9383333921432495,0.19481950998306274
-1.7537301778793335,-1.9383333921432495,0.2218698114156723
-1.5691269636154175,-1.9383333921432495,0.20279210805892944
-1.384523868560791,-1.9383333921432495,0.16636382043361664
-1.199920654296875,-1.9383333921432495,0.13386474549770355
-1.015317440032959,-1.9383333921432495,0.10482452064752579
-0.8307142853736877,-1.9383333921432495,0.10793107748031616
-0.6461111307144165,-1.9383333921432495,0.12298932671546936
-0.4615079462528229,-1.9383333921432495,0.11486493051052094
-0.27690476179122925,-1.9383333921432495,0.09361269325017929
-0.09230158478021622,-1.9383333921432495,0.04628470540046692
1.9383333921432495,-1.9383333921432495,0.01939682476222515
2.122936487197876,-1.9383333921432495,0.06977809965610504
2.307539701461792,-1.9383333921432495,0.11677580326795578
2.492142915725708,-1.9383333921432495,0.14271686971187592
2.676746129989624,-1.9383333921432495,0.1303713172674179
2.861349105834961,-1.9383333921432495,0.12092077732086182
3.045952320098877,-1.9383333921432495,0.12504230439662933
3.230555534362793,-1.9383333921432495,0.13960297405719757
3.415158748626709,-1.9383333921432495,0.18096117675304413
3.599761962890625,-1.9383333921432495,0.21174639463424683
3.784365177154541,-1.9383333921432495,0.20725136995315552
3.968968152999878,-1.9383333921432495,0.18486058712005615
4.153571605682373,-1.9383333921432495,0.13586634397506714
4.338174819946289,-1.9383333921432495,0.08581006526947021
4.522777557373047,-1.9383333921432495,0.07051209360361099
4.707380771636963,-1.9383333921432495,0.06715110689401627
4.891983985900879,-1.9383333921432495,0.071383036673069
5.076587200164795,-1.9383333921432495,0.07427558302879333
5.261190414428711,-1.9383333921432495,0.039561886340379715
-5.815000057220459,-1.7537301778793335,0.09414838254451752
-5.630396842956543,-1.7537301778793335,0.04589109867811203
-3.230555534362793,-1.7537301778793335,0.015595261007547379
-3.045952320098877,-1.7537301778793335,0.03493110090494156
-2.861349105834961,-1.7537301778793335,0.04367559403181076
-2.676746129989624,-1.7537301778793335,0.03295451030135155
-2.492142915725708,-1.7537301778793335,0.030478613451123238
-2.307539701461792,-1.7537301778793335,0.06378049403429031
-2.122936487197876,-1.7537301778793335,0.10316520929336548
-1.9383333921432495,-1.7537301778793335,0.1432073712348938
-1.7537301778793335,-1.7537301778793335,0.17025767266750336
-1.5691269636154175,-1.7537301778793335,0.1511799842119217
-1.384523868560791,-1.7537301778793335,0.11475169658660889
-1.199920654296875,-1.7537301778793335,0.0822526216506958
-1.015317440032959,-1.7537301778793335,0.053212396800518036
-0.8307142853736877,-1.7537301778793335,0.05631895735859871
-0.6461111307144165,-1.7537301778793335,0.07137720286846161
-0.4615079462528229,-1.7537301778793335,0.06325280666351318
-0.27690476179122925,-1.7537301778793335,0.04200056567788124
2.122936487197876,-1.7537301778793335,0.018165968358516693
2.307539701461792,-1.7537301778793335,0.06516367197036743
2.492142915725708,-1.7537301778793335,0.09110474586486816
2.676746129989624,-1.7537301778793335,0.07875919342041016
2.861349105834961,-1.7537301778793335,0.06930864602327347
3.045952320098877,-1.7537301778793335,0.07343018054962158
3.230555534362793,-1.7537301778793335,0.08799085766077042
3.415158748626709,-1.7537301778793335,0.12934906780719757
3.599761962890625,-1.7537301778793335,0.16013427078723907
3.784365177154541,-1.7537301778793335,0.15563924610614777
3.968968152999878,-1.7537301778793335,0.1332484483718872
4.153571605682373,-1.7537301778793335,0.08425422012805939
4.338174819946289,-1.7537301778793335,0.03419794142246246
4.522777557373047,-1.7537301778793335,0.018899967893958092
4.707380771636963,-1.7537301778793335,0.015538974665105343
4.891983985900879,-1.7537301778793335,0.0197709072381258
5.076587200164795,-1.7537301778793335,0.022663457319140434
-5.815000057220459,-1.5691269636154175,0.033416591584682465
-2.307539701461792,-1.5691269636154175,0.0030487028416246176
-2.122936487197876,-1.5691269636154175,0.04243341460824013
-1.9383333921432495,-1.5691269636154175,0.08247559517621994
-1.7537301778793335,-1.5691269636154175,0.1095258966088295
-1.5691269636154175,-1.5691269636154175,0.09044820070266724
-1.384523868560791,-1.5691269636154175,0.054019901901483536
-1.199920654296875,-1.5691269636154175,0.0215208288282156
-0.6461111307144165,-1.5691269636154175,0.010645413771271706
-0.4615079462528229,-1.5691269636154175,0.002521015703678131
2.307539701461792,-1.5691269636154175,0.004431885667145252
2.492142915725708,-1.5691269636154175,0.03037296235561371
2.676746129989624,-1.5691269636154175,0.018027404323220253
2.861349105834961,-1.5691269636154175,0.00857685599476099
3.045952320098877,-1.5691269636154175,0.012698393315076828
3.230555534362793,-1.5691269636154175,0.027259066700935364
3.415158748626709,-1.5691269636154175,0.06861727684736252
3.599761962890625,-1.5691269636154175,0.09940249472856522
3.784365177154541,-1.5691269636154175,0.09490747004747391
3.968968152999878,-1.5691269636154175,0.07251667231321335
4.153571605682373,-1.5691269636154175,0.023522432893514633
-1.9383333921432495,-1.384523868560791,0.02127647213637829
-1.7537301778793335,-1.384523868560791,0.048326775431632996
-1.5691269636154175,-1.384523868560791,0.029249075800180435
3.415158748626709,-1.384523868560791,0.00741815660148859
3.599761962890625,-1.384523868560791,0.03820337355136871
3.784365177154541,-1.384523868560791,0.03370834141969681
3.968968152999878,-1.384523868560791,0.011317551136016846
-1.9383333921432495,-1.199920654296875,0.018183475360274315
-1.7537301778793335,-1.199920654296875,0.045233774930238724
-1.5691269636154175,-1.199920654296875,0.026156079024076462
3.415158748626709,-1.199920654296875,0.004325158428400755
3.599761962890625,-1.199920654296875,0.03511038050055504
3.784365177154541,-1.199920654296875,0.030615346506237984
3.968968152999878,-1.199920654296875,0.008224553428590298
-1.9383333921432495,-1.015317440032959,0.037760645151138306
-1.7537301778793335,-1.015317440032959,0.06481095403432846
-1.5691269636154175,-1.015317440032959,0.0457332506775856
-1.384523868560791,-1.015317440032959,0.009304956533014774
3.415158748626709,-1.015317440032959,0.02390233241021633
3.599761962890625,-1.015317440032959,0.05468754842877388
3.784365177154541,-1.015317440032959,0.050192512571811676
3.968968152999878,-1.015317440032959,0.027801726013422012
-5.815000057220459,-0.8307142853736877,0.006730720400810242
-2.122936487197876,-0.8307142853736877,0.015747547149658203
-1.9383333921432495,-0.8307142853736877,0.05578972399234772
-1.7537301778793335,-0.8307142853736877,0.08284003287553787
-1.5691269636154175,-0.8307142853736877,0.06376232951879501
-1.384523868560791,-0.8307142853736877,0.02733403444290161
2.492142915725708,-0.8307142853736877,0.0036870914045721292
3.230555534362793,-0.8307142853736877,0.0005731964483857155
3.415158748626709,-0.8307142853736877,0.041931405663490295
3.599761962890625,-0.8307142853736877,0.07271663099527359
3.784365177154541,-0.8307142853736877,0.06822159886360168
3.968968152999878,-0.8307142853736877,0.045830801129341125
-2.122936487197876,-0.6461111307144165,0.007313537877053022
-1.9383333921432495,-0.6461111307144165,0.047355711460113525
-1.7537301778793335,-0.6461111307144165,0.07440602034330368
-1.5691269636154175,-0.6461111307144165,0.05532831326127052
-1.384523868560791,-0.6461111307144165,0.01890002377331257
3.415158748626709,-0.6461111307144165,0.0334973968565464
3.599761962890625,-0.6461111307144165,0.0642826184630394
3.784365177154541,-0.6461111307144165,0.059787578880786896
3.968968152999878,-0.6461111307144165,0.037396788597106934
-1.9383333921432495,-0.4615079462528229,0.010241989977657795
-1.7537301778793335,-0.4615079462528229,0.03729229420423508
-1.5691269636154175,-0.4615079462528229,0.018214592710137367
3.599761962890625,-0.4615079462528229,0.027168892323970795
3.784365177154541,-0.4615079462528229,0.02267386019229889
3.968968152999878,-0.4615079462528229,0.00028306804597377777
-1.9383333921432495,-0.27690476179122925,0.007129557430744171
-1.7537301778793335,-0.27690476179122925,0.03417985886335373
-1.5691269636154175,-0.27690476179122925,0.015102160163223743
3.599761962890625,-0.27690476179122925,0.024056462571024895
3.784365177154541,-0.27690476179122925,0.01956142857670784
-1.9383333921432495,-0.09230158478021622,0.032273489981889725
-1.7537301778793335,-0.09230158478021622,0.059323787689208984
-1.5691269636154175,-0.09230158478021622,0.04024609178304672
-1.384523868560791,-0.09230158478021622,0.0038177981041371822
3.415158748626709,-0.09230158478021622,0.018415171653032303
3.599761962890625,-0.09230158478021622,0.049200389534235
3.784365177154541,-0.09230158478021622,0.044705357402563095
3.968968152999878,-0.09230158478021622,0.022314567118883133
-5.815000057220459,0.09230158478021622,0.05608002096414566
-5.630396842956543,0.09230158478021622,0.007822738960385323
-2.861349105834961,0.09230158478021622,0.005607232917100191
-2.307539701461792,0.09230158478021622,0.025712134316563606
-2.122936487197876,0.09230158478021622,0.06509684771299362
-1.9383333921432495,0.09230158478021622,0.10513901710510254
-1.7537301778793335,0.09230158478021622,0.1321893185377121
-1.5691269636154175,0.09230158478021622,0.11311163008213043
-1.384523868560791,0.09230158478021622,0.07668333500623703
-1.199920654296875,0.09230158478021622,0.044184256345033646
-1.015317440032959,0.09230158478021622,0.015144037082791328
-0.8307142853736877,0.09230158478021622,0.018250597640872
-0.6461111307144165,0.09230158478021622,0.03330884501338005
-0.4615079462528229,0.09230158478021622,0.025184446945786476
-0.27690476179122925,0.09230158478021622,0.003932206425815821
2.307539701461792,0.09230158478021622,0.027095315977931023
2.492142915725708,0.09230158478021622,0.053036391735076904
2.676746129989624,0.09230158478021622,0.0406908318400383
2.861349105834961,0.09230158478021622,0.03124028630554676
3.045952320098877,0.09230158478021622,0.035361822694540024
3.230555534362793,0.09230158478021622,0.04992249608039856
3.415158748626709,0.09230158478021622,0.09128070622682571
3.599761962890625,0.09230158478021622,0.12206591665744781
3.784365177154541,0.09230158478021622,0.1175708919763565
3.968968152999878,0.09230158478021622,0.09518010169267654
4.153571605682373,0.09230158478021622,0.04618586227297783
-5.815000057220459,0.27690476179122925,0.10968528687953949
-5.630396842956543,0.27690476179122925,0.061428003013134
-5.445793628692627,0.27690476179122925,0.011398511938750744
-3.230555534362793,0.27690476179122925,0.03113216534256935
-3.045952320098877,0.27690476179122925,0.05046800523996353
-2.861349105834961,0.27690476179122925,0.05921249836683273
-2.676746129989624,0.27690476179122925,0.04849141836166382
-2.492142915725708,0.27690476179122925,0.04601551592350006
-2.307539701461792,0.27690476179122925,0.07931739836931229
-2.122936487197876,0.27690476179122925,0.11870211362838745
-1.9383333921432495,0.27690476179122925,0.15874427556991577
-1.7537301778793335,0.27690476179122925,0.18579459190368652
-1.5691269636154175,0.27690476179122925,0.16671688854694366
-1.384523868560791,0.27690476179122925,0.13028860092163086
-1.199920654296875,0.27690476179122925,0.09778952598571777
-1.015317440032959,0.27690476179122925,0.06874930113554001
-0.8307142853736877,0.27690476179122925,0.07185586541891098
-0.6461111307144165,0.27690476179122925,0.08691410720348358
-0.4615079462528229,0.27690476179122925,0.07878971844911575
-0.27690476179122925,0.27690476179122925,0.057537470012903214
-0.09230158478021622,0.27690476179122925,0.010209484957158566
2.122936487197876,0.27690476179122925,0.033702872693538666
2.307539701461792,0.27690476179122925,0.08070058375597
2.492142915725708,0.27690476179122925,0.10664165765047073
2.676746129989624,0.27690476179122925,0.09429610520601273
2.861349105834961,0.27690476179122925,0.08484555035829544
3.045952320098877,0.27690476179122925,0.08896709233522415
3.230555534362793,0.27690476179122925,0.10352776199579239
3.415158748626709,0.27690476179122925,0.14488597214221954
3.599761962890625,0.27690476179122925,0.17567119002342224
3.784365177154541,0.27690476179122925,0.17117615044116974
3.968968152999878,0.27690476179122925,0.14878536760807037
4.153571605682373,0.27690476179122925,0.09979113191366196
4.338174819946289,0.27690476179122925,0.049734845757484436
4.522777557373047,0.27690476179122925,0.034436874091625214
4.707380771636963,0.27690476179122925,0.03107588179409504
4.891983985900879,0.27690476179122925,0.035307809710502625
5.076587200164795,0.27690476179122925,0.03820035979151726
5.261190414428711,0.27690476179122925,0.003486664965748787
-5.815000057220459,0.4615079462528229,0.1309032291173935
-5.630396842956543,0.4615079462528229,0.0826459601521492
-5.445793628692627,0.4615079462528229,0.03261646255850792
-3.415158748626709,0.4615079462528229,0.0042338925413787365
-3.230555534362793,0.4615079462528229,0.05235011503100395
-3.045952320098877,0.4615079462528229,0.07168596237897873
-2.861349105834961,0.4615079462528229,0.08043045550584793
-2.676746129989624,0.4615079462528229,0.06970936805009842
-2.492142915725708,0.4615079462528229,0.06723347306251526
-2.307539701461792,0.4615079462528229,0.10053536295890808
-2.122936487197876,0.4615079462528229,0.13992005586624146
-1.9383333921432495,0.4615079462528229,0.17996223270893097
-1.7537301778793335,0.4615079462528229,0.20701253414154053
-1.5691269636154175,0.4615079462528229,0.18793483078479767
-1.384523868560791,0.4615079462528229,0.15150654315948486
-1.199920654296875,0.4615079462528229,0.11900748312473297
-1.015317440032959,0.4615079462528229,0.0899672582745552
-0.8307142853736877,0.4615079462528229,0.09307382255792618
-0.6461111307144165,0.4615079462528229,0.10813205689191818
-0.4615079462528229,0.4615079462528229,0.10000766813755035
-0.27690476179122925,0.4615079462528229,0.07875542342662811
-0.09230158478021622,0.4615079462528229,0.03142743557691574
1.9383333921432495,0.4615079462528229,0.004539554473012686
2.122936487197876,0.4615079462528229,0.05492082238197327
2.307539701461792,0.4615079462528229,0.1019185334444046
2.492142915725708,0.4615079462528229,0.12785960733890533
2.676746129989624,0.4615079462528229,0.11551404744386673
2.861349105834961,0.4615079462528229,0.10606350749731064
3.045952320098877,0.4615079462528229,0.11018504202365875
3.230555534362793,0.4615079462528229,0.12474571913480759
3.415158748626709,0.4615079462528229,0.16610392928123474
3.599761962890625,0.4615079462528229,0.19688914716243744
3.784365177154541,0.4615079462528229,0.19239410758018494
3.968968152999878,0.4615079462528229,0.17000330984592438
4.153571605682373,0.4615079462528229,0.12100908160209656
4.338174819946289,0.4615079462528229,0.07095280289649963
4.522777557373047,0.4615079462528229,0.055654823780059814
4.707380771636963,0.4615079462528229,0.05229383334517479
4.891983985900879,0.4615079462528229,0.056525763124227524
5.076587200164795,0.4615079462528229,0.05941831320524216
5.261190414428711,0.4615079462528229,0.024704616516828537
-5.815000057220459,0.6461111307144165,0.12369552254676819
-5.630396842956543,0.6461111307144165,0.0754382386803627
-5.445793628692627,0.6461111307144165,0.02540874481201172
-3.230555534362793,0.6461111307144165,0.04514239728450775
-3.045952320098877,0.6461111307144165,0.06447824090719223
-2.861349105834961,0.6461111307144165,0.07322273403406143
-2.676746129989624,0.6461111307144165,0.06250164657831192
-2.492142915725708,0.6461111307144165,0.06002574786543846
-2.307539701461792,0.6461111307144165,0.09332763403654099
-2.122936487197876,0.6461111307144165,0.13271234929561615
-1.9383333921432495,0.6461111307144165,0.17275451123714447
-1.7537301778793335,0.6461111307144165,0.19980481266975403
-1.5691269636154175,0.6461111307144165,0.18072712421417236
-1.384523868560791,0.6461111307144165,0.14429882168769836
-1.199920654296875,0.6461111307144165,0.11179976165294647
-1.015317440032959,0.6461111307144165,0.08275953680276871
-0.8307142853736877,0.6461111307144165,0.08586610108613968
-0.6461111307144165,0.6461111307144165,0.10092434287071228
-0.4615079462528229,0.6461111307144165,0.09279994666576385
-0.27690476179122925,0.6461111307144165,0.07154770940542221
-0.09230158478021622,0.6461111307144165,0.02421971783041954
2.122936487197876,0.6461111307144165,0.047713108360767365
2.307539701461792,0.6461111307144165,0.0947108119726181
2.492142915725708,0.6461111307144165,0.12065189331769943
2.676746129989624,0.6461111307144165,0.10830634087324142
2.861349105834961,0.6461111307144165,0.09885578602552414
3.045952320098877,0.6461111307144165,0.10297732055187225
3.230555534362793,0.6461111307144165,0.11753799766302109
3.415158748626709,0.6461111307144165,0.15889620780944824
3.599761962890625,0.6461111307144165,0.18968142569065094
3.784365177154541,0.6461111307144165,0.18518638610839844
3.968968152999878,0.6461111307144165,0.16279558837413788
4.153571605682373,0.6461111307144165,0.11380136758089066
4.338174819946289,0.6461111307144165,0.06374508142471313
4.522777557373047,0.6461111307144165,0.048447106033563614
4.707380771636963,0.6461111307144165,0.04508611187338829
4.891983985900879,0.6461111307144165,0.04931804537773132
5.076587200164795,0.6461111307144165,0.052210595458745956
5.261190414428711,0.6461111307144165,0.017496898770332336
-5.815000057220459,0.8307142853736877,0.11346591264009476
-5.630396842956543,0.8307142853736877,0.06520862132310867
-5.445793628692627,0.8307142853736877,0.01517912931740284
-3.230555534362793,0.8307142853736877,0.03491278365254402
-3.045952320098877,0.8307142853736877,0.0542486198246479
-2.861349105834961,0.8307142853736877,0.0629931166768074
-2.676746129989624,0.8307142853736877,0.05227203294634819
-2.492142915725708,0.8307142853736877,0.04979613423347473
-2.307539701461792,0.8307142853736877,0.08309801667928696
-2.122936487197876,0.8307142853736877,0.12248271703720093
-1.9383333921432495,0.8307142853736877,0.16252490878105164
-1.7537301778793335,0.8307142853736877,0.1895752102136612
-1.5691269636154175,0.8307142853736877,0.17049750685691833
-1.384523868560791,0.8307142853736877,0.13406920433044434
-1.199920654296875,0.8307142853736877,0.10157013684511185
-1.015317440032959,0.8307142853736877,0.07252991944551468
-0.8307142853736877,0.8307142853736877,0.07563648372888565
-0.6461111307144165,0.8307142853736877,0.09069473296403885
-0.4615079462528229,0.8307142853736877,0.08257032930850983
-0.27690476179122925,0.8307142853736877,0.061318088322877884
-0.09230158478021622,0.8307142853736877,0.013990102335810661
2.122936487197876,0.8307142853736877,0.03748348727822304
2.307539701461792,0.8307142853736877,0.08448120206594467
2.492142915725708,0.8307142853736877,0.110422283411026
2.676746129989624,0.8307142853736877,0.0980767160654068
2.861349105834961,0.8307142853736877,0.08862616866827011
3.045952320098877,0.8307142853736877,0.09274770319461823
3.230555534362793,0.8307142853736877,0.10730838030576706
3.415158748626709,0.8307142853736877,0.14866657555103302
3.599761962890625,0.8307142853736877,0.17945179343223572
3.784365177154541,0.8307142853736877,0.1749567687511444
3.968968152999878,0.8307142853736877,0.15256597101688385
4.153571605682373,0.8307142853736877,0.10357175022363663
4.338174819946289,0.8307142853736877,0.053515464067459106
4.522777557373047,0.8307142853736877,0.038217488676309586
4.707380771636963,0.8307142853736877,0.03485649824142456
4.891983985900879,0.8307142853736877,0.039088428020477295
5.076587200164795,0.8307142853736877,0.04198097810149193
5.261190414428711,0.8307142853736877,0.007267282344400883
-5.815000057220459,1.015317440032959,0.14886684715747833
-5.630396842956543,1.015317440032959,0.10060957074165344
-5.445793628692627,1.015317440032959,0.05058007687330246
-4.522777557373047,1.015317440032959,0.006819898262619972
-3.415158748626709,1.015317440032959,0.022197509184479713
-3.230555534362793,1.015317440032959,0.07031373679637909
-3.045952320098877,1.015317440032959,0.08964958041906357
-2.861349105834961,1.015317440032959,0.09839406609535217
-2.676746129989624,1.015317440032959,0.08767298609018326
-2.492142915725708,1.015317440032959,0.0851970911026001
-2.307539701461792,1.015317440032959,0.11849897354841232
-2.122936487197876,1.015317440032959,0.1578836739063263
-1.9383333921432495,1.015317440032959,0.1979258507490158
-1.7537301778793335,1.015317440032959,0.22497615218162537
-1.5691269636154175,1.015317440032959,0.2058984488248825
-1.384523868560791,1.015317440032959,0.1694701462984085
-1.199920654296875,1.015317440032959,0.13697108626365662
-1.015317440032959,1.015317440032959,0.10793086886405945
-0.8307142853736877,1.015317440032959,0.11103743314743042
-0.6461111307144165,1.015317440032959,0.12609568238258362
-0.4615079462528229,1.015317440032959,0.1179712787270546
-0.27690476179122925,1.015317440032959,0.09671904146671295
-0.09230158478021622,1.015317440032959,0.04939104989171028
1.015317440032959,1.015317440032959,0.001800543162971735
1.9383333921432495,1.015317440032959,0.022503171116113663
2.122936487197876,1.015317440032959,0.0728844404220581
2.307539701461792,1.015317440032959,0.11988215148448944
2.492142915725708,1.015317440032959,0.14582322537899017
2.676746129989624,1.015317440032959,0.13347765803337097
2.861349105834961,1.015317440032959,0.12402711808681488
3.045952320098877,1.015317440032959,0.1281486451625824
3.230555534362793,1.015317440032959,0.14270932972431183
3.415158748626709,1.015317440032959,0.1840675324201584
3.599761962890625,1.015317440032959,0.21485275030136108
3.784365177154541,1.015317440032959,0.21035771071910858
3.968968152999878,1.015317440032959,0.18796692788600922
4.153571605682373,1.015317440032959,0.1389726996421814
4.338174819946289,1.015317440032959,0.08891641348600388
4.522777557373047,1.015317440032959,0.07361844182014465
4.707380771636963,1.015317440032959,0.07025744765996933
4.891983985900879,1.015317440032959,0.07448938488960266
5.076587200164795,1.015317440032959,0.077381931245327
5.261190414428711,1.015317440032959,0.04266823083162308
-5.815000057220459,1.199920654296875,0.1894885003566742
-5.630396842956543,1.199920654296875,0.1412312239408493
-5.445793628692627,1.199920654296875,0.09120173752307892
-5.261190414428711,1.199920654296875,0.038526762276887894
-5.076587200164795,1.199920654296875,0.018226943910121918
-4.891983985900879,1.199920654296875,0.03150632604956627
-4.707380771636963,1.199920654296875,0.04052599519491196
-4.522777557373047,1.199920654296875,0.04744155332446098
-4.338174819946289,1.199920654296875,0.03588348254561424
-3.599761962890625,1.199920654296875,0.005316697992384434
-3.415158748626709,1.199920654296875,0.06281916797161102
-3.230555534362793,1.199920654296875,0.11093539744615555
-3.045952320098877,1.199920654296875,0.13027124106884003
-2.861349105834961,1.199920654296875,0.13901571929454803
-2.676746129989624,1.199920654296875,0.12829464673995972
-2.492142915725708,1.199920654296875,0.12581874430179596
-2.307539701461792,1.199920654296875,0.1591206192970276
-2.122936487197876,1.199920654296875,0.19850534200668335
-1.9383333921432495,1.199920654296875,0.23854750394821167
-1.7537301778793335,1.199920654296875,0.2655978202819824
-1.5691269636154175,1.199920654296875,0.24652010202407837
-1.384523868560791,1.199920654296875,0.21009181439876556
-1.199920654296875,1.199920654296875,0.17759275436401367
-1.015317440032959,1.199920654296875,0.1485525220632553
-0.8307142853736877,1.199920654296875,0.1516590714454651
-0.6461111307144165,1.199920654296875,0.1667173206806183
-0.4615079462528229,1.199920654296875,0.15859293937683105
-0.27690476179122925,1.199920654296875,0.1373406946659088
-0.09230158478021622,1.199920654296875,0.09001271426677704
0.09230158478021622,1.199920654296875,0.027771156281232834
0.6461111307144165,1.199920654296875,0.0021359098609536886
0.8307142853736877,1.199920654296875,0.0343855619430542
1.015317440032959,1.199920654296875,0.04242219775915146
1.199920654296875,1.199920654296875,0.027707291767001152
1.384523868560791,1.199920654296875,0.014055553823709488
1.7537301778793335,1.199920654296875,0.011555483564734459
1.9383333921432495,1.199920654296875,0.06312482804059982
2.122936487197876,1.199920654296875,0.11350610107183456
2.307539701461792,1.199920654296875,0.1605038046836853
2.492142915725708,1.199920654296875,0.18644487857818604
2.676746129989624,1.199920654296875,0.17409931123256683
2.861349105834961,1.199920654296875,0.16464877128601074
3.045952320098877,1.199920654296875,0.16877031326293945
3.230555534362793,1.199920654296875,0.1833309829235077
3.415158748626709,1.199920654296875,0.22468920052051544
3.599761962890625,1.199920654296875,0.25547441840171814
3.784365177154541,1.199920654296875,0.25097936391830444
3.968968152999878,1.199920654296875,0.22858858108520508
4.153571605682373,1.199920654296875,0.17959433794021606
4.338174819946289,1.199920654296875,0.12953807413578033
4.522777557373047,1.199920654296875,0.11424010246992111
4.707380771636963,1.199920654296875,0.11087910830974579
4.891983985900879,1.199920654296875,0.11511103808879852
5.076587200164795,1.199920654296875,0.11800359189510345
5.261190414428711,1.199920654296875,0.08328989148139954
5.445793628692627,1.199920654296875,0.03406522795557976
-5.815000057220459,1.384523868560791,0.2295745462179184
-5.630396842956543,1.384523868560791,0.1813172549009323
-5.445793628692627,1.384523868560791,0.13128776848316193
-5.261190414428711,1.384523868560791,0.0786128118634224
-5.076587200164795,1.384523868560791,0.05831298232078552
-4.891983985900879,1.384523868560791,0.07159236818552017
-4.707380771636963,1.384523868560791,0.08061204105615616
-4.522777557373047,1.384523868560791,0.08752760291099548
-4.338174819946289,1.384523868560791,0.07596953213214874
-4.153571605682373,1.384523868560791,0.037386856973171234
-3.968968152999878,1.384523868560791,0.016800910234451294
-3.784365177154541,1.384523868560791,0.020539194345474243
-3.599761962890625,1.384523868560791,0.04540274292230606
-3.415158748626709,1.384523868560791,0.10290520638227463
-3.230555534362793,1.384523868560791,0.15102143585681915
-3.045952320098877,1.384523868560791,0.17035727202892303
-2.861349105834961,1.384523868560791,0.17910175025463104
-2.676746129989624,1.384523868560791,0.16838067770004272
-2.492142915725708,1.384523868560791,0.16590477526187897
-2.307539701461792,1.384523868560791,0.1992066651582718
-2.122936487197876,1.384523868560791,0.23859138786792755
-1.9383333921432495,1.384523868560791,0.27863356471061707
-1.7537301778793335,1.384523868560791,0.30568385124206543
-1.5691269636154175,1.384523868560791,0.28660616278648376
-1.384523868560791,1.384523868560791,0.25017786026000977
-1.199920654296875,1.384523868560791,0.21767880022525787
-1.015317440032959,1.384523868560791,0.18863855302333832
-0.8307142853736877,1.384523868560791,0.19174513220787048
-0.6461111307144165,1.384523868560791,0.2068033665418625
-0.4615079462528229,1.384523868560791,0.19867898523807526
-0.27690476179122925,1.384523868560791,0.17742672562599182
-0.09230158478021622,1.384523868560791,0.13009876012802124
0.09230158478021622,1.384523868560791,0.06785719841718674
0.27690476179122925,1.384523868560791,0.036937713623046875
0.4615079462528229,1.384523868560791,0.029774455353617668
0.6461111307144165,1.384523868560791,0.042221952229738235
0.8307142853736877,1.384523868560791,0.0744716078042984
1.015317440032959,1.384523868560791,0.08250825107097626
1.199920654296875,1.384523868560791,0.0677933394908905
1.384523868560791,1.384523868560791,0.05414159595966339
1.5691269636154175,1.384523868560791,0.037777237594127655
1.7537301778793335,1.384523868560791,0.05164152756333351
1.9383333921432495,1.384523868560791,0.10321088135242462
2.122936487197876,1.384523868560791,0.15359213948249817
2.307539701461792,1.384523868560791,0.2005898505449295
2.492142915725708,1.384523868560791,0.22653092443943024
2.676746129989624,1.384523868560791,0.21418535709381104
2.861349105834961,1.384523868560791,0.20473481714725494
3.045952320098877,1.384523868560791,0.20885635912418365
3.230555534362793,1.384523868560791,0.2234170287847519
3.415158748626709,1.384523868560791,0.26477524638175964
3.599761962890625,1.384523868560791,0.29556047916412354
3.784365177154541,1.384523868560791,0.29106542468070984
3.968968152999878,1.384523868560791,0.2686746418476105
4.153571605682373,1.384523868560791,0.21968038380146027
4.338174819946289,1.384523868560791,0.16962411999702454
4.522777557373047,1.384523868560791,0.15432614088058472
4.707380771636963,1.384523868560791,0.15096515417099
4.891983985900879,1.384523868560791,0.15519708395004272
5.076587200164795,1.384523868560791,0.15808962285518646
5.261190414428711,1.384523868560791,0.12337593734264374
5.445793628692627,1.384523868560791,0.07415127754211426
5.630396842956543,1.384523868560791,0.03475407510995865
5.815000057220459,1.384523868560791,0.0046385726891458035
-5.815000057220459,1.5691269636154175,0.21075333654880524
-5.630396842956543,1.5691269636154175,0.16249606013298035
-5.445793628692627,1.5691269636154175,0.11246657371520996
-5.261190414428711,1.5691269636154175,0.05979159101843834
-5.076587200164795,1.5691269636154175,0.039491765201091766
-4.891983985900879,1.5691269636154175,0.052771151065826416
-4.707380771636963,1.5691269636154175,0.0617908239364624
-4.522777557373047,1.5691269636154175,0.06870638579130173
-4.338174819946289,1.5691269636154175,0.05714830756187439
-4.153571605682373,1.5691269636154175,0.01856563799083233
-3.784365177154541,1.5691269636154175,0.0017179753631353378
-3.599761962890625,1.5691269636154175,0.026581525802612305
-3.415158748626709,1.5691269636154175,0.08408398926258087
-3.230555534362793,1.5691269636154175,0.1322002112865448
-3.045952320098877,1.5691269636154175,0.15153604745864868
-2.861349105834961,1.5691269636154175,0.16028054058551788
-2.676746129989624,1.5691269636154175,0.14955945312976837
-2.492142915725708,1.5691269636154175,0.1470835655927658
-2.307539701461792,1.5691269636154175,0.18038544058799744
-2.122936487197876,1.5691269636154175,0.2197701632976532
-1.9383333921432495,1.5691269636154175,0.2598123550415039
-1.7537301778793335,1.5691269636154175,0.28686267137527466
-1.5691269636154175,1.5691269636154175,0.2677849531173706
-1.384523868560791,1.5691269636154175,0.2313566356897354
-1.199920654296875,1.5691269636154175,0.19885757565498352
-1.015317440032959,1.5691269636154175,0.16981735825538635
-0.8307142853736877,1.5691269636154175,0.17292390763759613
-0.6461111307144165,1.5691269636154175,0.18798215687274933
-0.4615079462528229,1.5691269636154175,0.1798577606678009
-0.27690476179122925,1.5691269636154175,0.15860551595687866
-0.09230158478021622,1.5691269636154175,0.11127754300832748
0.09230158478021622,1.5691269636154175,0.04903597757220268
0.27690476179122925,1.5691269636154175,0.018116500228643417
0.4615079462528229,1.5691269636154175,0.010953236371278763
0.6461111307144165,1.5691269636154175,0.02340073697268963
0.8307142853736877,1.5691269636154175,0.05565038323402405
1.015317440032959,1.5691269636154175,0.0636870265007019
1.199920654296875,1.5691269636154175,0.04897211492061615
1.384523868560791,1.5691269636154175,0.035320378839969635
1.5691269636154175,1.5691269636154175,0.0189560204744339
1.7537301778793335,1.5691269636154175,0.032820310443639755
1.9383333921432495,1.5691269636154175,0.08438965678215027
2.122936487197876,1.5691269636154175,0.13477091491222382
2.307539701461792,1.5691269636154175,0.18176862597465515
2.492142915725708,1.5691269636154175,0.20770969986915588
2.676746129989624,1.5691269636154175,0.19536413252353668
2.861349105834961,1.5691269636154175,0.1859135925769806
3.045952320098877,1.5691269636154175,0.1900351345539093
3.230555534362793,1.5691269636154175,0.20459580421447754
3.415158748626709,1.5691269636154175,0.2459540218114853
3.599761962890625,1.5691269636154175,0.276739239692688
3.784365177154541,1.5691269636154175,0.2722442150115967
3.968968152999878,1.5691269636154175,0.24985340237617493
4.153571605682373,1.5691269636154175,0.2008591592311859
4.338174819946289,1.5691269636154175,0.15080289542675018
4.522777557373047,1.5691269636154175,0.13550491631031036
4.707380771636963,1.5691269636154175,0.13214392960071564
4.891983985900879,1.5691269636154175,0.13637585937976837
5.076587200164795,1.5691269636154175,0.1392684131860733
5.261190414428711,1.5691269636154175,0.10455472022294998
5.445793628692627,1.5691269636154175,0.055330052971839905
5.630396842956543,1.5691269636154175,0.015932857990264893
-5.815000057220459,1.7537301778793335,0.16168113052845
-5.630396842956543,1.7537301778793335,0.11342386156320572
-5.445793628692627,1.7537301778793335,0.06339436769485474
-5.261190414428711,1.7537301778793335,0.010719392448663712
-4.891983985900879,1.7537301778793335,0.003698952728882432
-4.707380771636963,1.7537301778793335,0.0127186244353652
-4.522777557373047,1.7537301778793335,0.0196341834962368
-4.338174819946289,1.7537301778793335,0.008076108992099762
-3.415158748626709,1.7537301778793335,0.03501179441809654
-3.230555534362793,1.7537301778793335,0.08312802016735077
-3.045952320098877,1.7537301778793335,0.10246385633945465
-2.861349105834961,1.7537301778793335,0.11120835691690445
-2.676746129989624,1.7537301778793335,0.10048727691173553
-2.492142915725708,1.7537301778793335,0.09801136702299118
-2.307539701461792,1.7537301778793335,0.1313132494688034
-2.122936487197876,1.7537301778793335,0.17069795727729797
-1.9383333921432495,1.7537301778793335,0.2107401341199875
-1.7537301778793335,1.7537301778793335,0.23779045045375824
-1.5691269636154175,1.7537301778793335,0.21871274709701538
-1.384523868560791,1.7537301778793335,0.18228444457054138
-1.199920654296875,1.7537301778793335,0.1497853696346283
-1.015317440032959,1.7537301778793335,0.12074515968561172
-0.8307142853736877,1.7537301778793335,0.1238517165184021
-0.6461111307144165,1.7537301778793335,0.1389099508523941
-0.4615079462528229,1.7537301778793335,0.13078555464744568
-0.27690476179122925,1.7537301778793335,0.10953331738710403
-0.09230158478021622,1.7537301778793335,0.06220533326268196
0.8307142853736877,1.7537301778793335,0.006578188389539719
1.015317440032959,1.7537301778793335,0.014614827930927277
1.9383333921432495,1.7537301778793335,0.03531745448708534
2.122936487197876,1.7537301778793335,0.08569873124361038
2.307539701461792,1.7537301778793335,0.13269643485546112
2.492142915725708,1.7537301778793335,0.15863749384880066
2.676746129989624,1.7537301778793335,0.14629194140434265
2.861349105834961,1.7537301778793335,0.13684140145778656
3.045952320098877,1.7537301778793335,0.14096292853355408
3.230555534362793,1.7537301778793335,0.1555236130952835
3.415158748626709,1.7537301778793335,0.19688181579113007
3.599761962890625,1.7537301778793335,0.22766703367233276
3.784365177154541,1.7537301778793335,0.22317200899124146
3.968968152999878,1.7537301778793335,0.2007812261581421
4.153571605682373,1.7537301778793335,0.15178696811199188
4.338174819946289,1.7537301778793335,0.10173069685697556
4.522777557373047,1.7537301778793335,0.08643272519111633
4.707380771636963,1.7537301778793335,0.08307173103094101
4.891983985900879,1.7537301778793335,0.08730366826057434
5.076587200164795,1.7537301778793335,0.09019622206687927
5.261190414428711,1.7537301778793335,0.05548251420259476
5.445793628692627,1.7537301778793335,0.006257855799049139
-5.815000057220459,1.9383333921432495,0.11264832317829132
-5.630396842956543,1.9383333921432495,0.06439103186130524
-5.445793628692627,1.9383333921432495,0.014361538924276829
-3.230555534362793,1.9383333921432495,0.03409519046545029
-3.045952320098877,1.9383333921432495,0.053431034088134766
-2.861349105834961,1.9383333921432495,0.06217552348971367
-2.676746129989624,1.9383333921432495,0.051454443484544754
-2.492142915725708,1.9383333921432495,0.048978544771671295
-2.307539701461792,1.9383333921432495,0.08228042721748352
-2.122936487197876,1.9383333921432495,0.12166514247655869
-1.9383333921432495,1.9383333921432495,0.1617073118686676
-1.7537301778793335,1.9383333921432495,0.18875761330127716
-1.5691269636154175,1.9383333921432495,0.1696799099445343
-1.384523868560791,1.9383333921432495,0.1332516223192215
-1.199920654296875,1.9383333921432495,0.10075254738330841
-1.015317440032959,1.9383333921432495,0.07171232998371124
-0.8307142853736877,1.9383333921432495,0.07481889426708221
-0.6461111307144165,1.9383333921432495,0.08987713605165482
-0.4615079462528229,1.9383333921432495,0.08175273984670639
-0.27690476179122925,1.9383333921432495,0.06050049513578415
-0.09230158478021622,1.9383333921432495,0.01317251194268465
2.122936487197876,1.9383333921432495,0.0366659015417099
2.307539701461792,1.9383333921432495,0.08366361260414124
2.492142915725708,1.9383333921432495,0.10960468649864197
2.676746129989624,1.9383333921432495,0.09725912660360336
2.861349105834961,1.9383333921432495,0.08780857920646667
3.045952320098877,1.9383333921432495,0.09193011373281479
3.230555534362793,1.9383333921432495,0.10649079084396362
3.415158748626709,1.9383333921432495,0.14784899353981018
3.599761962890625,1.9383333921432495,0.17863421142101288
3.784365177154541,1.9383333921432495,0.17413917183876038
3.968968152999878,1.9383333921432495,0.151748389005661
4.153571605682373,1.9383333921432495,0.10275416076183319
4.338174819946289,1.9383333921432495,0.05269787088036537
4.522777557373047,1.9383333921432495,0.03739989921450615
4.707380771636963,1.9383333921432495,0.034038908779621124
4.891983985900879,1.9383333921432495,0.03827083855867386
5.076587200164795,1.9383333921432495,0.04116338863968849
5.261190414428711,1.9383333921432495,0.006449691951274872
-5.815000057220459,2.122936487197876,0.08893463760614395
-5.630396842956543,2.122936487197876,0.040677353739738464
-3.230555534362793,2.122936487197876,0.010381516069173813
-3.045952320098877,2.122936487197876,0.029717357829213142
-2.861349105834961,2.122936487197876,0.038461845368146896
-2.676746129989624,2.122936487197876,0.02774076722562313
-2.492142915725708,2.122936487197876,0.025264868512749672
-2.307539701461792,2.122936487197876,0.05856674909591675
-2.122936487197876,2.122936487197876,0.09795146435499191
-1.9383333921432495,2.122936487197876,0.13799363374710083
-1.7537301778793335,2.122936487197876,0.1650439202785492
-1.5691269636154175,2.122936487197876,0.14596623182296753
-1.384523868560791,2.122936487197876,0.10953795164823532
-1.199920654296875,2.122936487197876,0.07703887671232224
-1.015317440032959,2.122936487197876,0.04799864813685417
-0.8307142853736877,2.122936487197876,0.05110521242022514
-0.6461111307144165,2.122936487197876,0.06616345793008804
-0.4615079462528229,2.122936487197876,0.05803906172513962
-0.27690476179122925,2.122936487197876,0.036786820739507675
2.122936487197876,2.122936487197876,0.012952221557497978
2.307539701461792,2.122936487197876,0.059949927031993866
2.492142915725708,2.122936487197876,0.0858910083770752
2.676746129989624,2.122936487197876,0.07354544848203659
2.861349105834961,2.122936487197876,0.0640949010848999
3.045952320098877,2.122936487197876,0.06821643561124802
3.230555534362793,2.122936487197876,0.08277711272239685
3.415158748626709,2.122936487197876,0.124135322868824
3.599761962890625,2.122936487197876,0.1549205332994461
3.784365177154541,2.122936487197876,0.1504254937171936
3.968968152999878,2.122936487197876,0.12803471088409424
4.153571605682373,2.122936487197876,0.07904048264026642
4.338174819946289,2.122936487197876,0.028984196484088898
4.522777557373047,2.122936487197876,0.013686222955584526
4.707380771636963,2.122936487197876,0.010325229726731777
4.891983985900879,2.122936487197876,0.01455716136842966
5.076587200164795,2.122936487197876,0.01744971238076687
-5.815000057220459,2.307539701461792,0.10440856218338013
-5.630396842956543,2.307539701461792,0.05615127459168434
-5.445793628692627,2.307539701461792,0.006121783517301083
-3.230555534362793,2.307539701461792,0.02585543878376484
-3.045952320098877,2.307539701461792,0.04519127681851387
-2.861349105834961,2.307539701461792,0.05393576994538307
-2.676746129989624,2.307539701461792,0.04321468994021416
-2.492142915725708,2.307539701461792,0.0407387875020504
-2.307539701461792,2.307539701461792,0.07404067367315292
-2.122936487197876,2.307539701461792,0.11342538148164749
-1.9383333921432495,2.307539701461792,0.1534675508737564
-1.7537301778793335,2.307539701461792,0.18051785230636597
-1.5691269636154175,2.307539701461792,0.1614401638507843
-1.384523868560791,2.307539701461792,0.1250118762254715
-1.199920654296875,2.307539701461792,0.09251280128955841
-1.015317440032959,2.307539701461792,0.06347257643938065
-0.8307142853736877,2.307539701461792,0.06657913327217102
-0.6461111307144165,2.307539701461792,0.08163738250732422
-0.4615079462528229,2.307539701461792,0.0735129863023758
-0.27690476179122925,2.307539701461792,0.05226074159145355
-0.09230158478021622,2.307539701461792,0.004932756535708904
2.122936487197876,2.307539701461792,0.028426146134734154
2.307539701461792,2.307539701461792,0.07542385905981064
2.492142915725708,2.307539701461792,0.10136493295431137
2.676746129989624,2.307539701461792,0.08901937305927277
2.861349105834961,2.307539701461792,0.07956882566213608
3.045952320098877,2.307539701461792,0.08369036018848419
3.230555534362793,2.307539701461792,0.09825103729963303
3.415158748626709,2.307539701461792,0.139609232544899
3.599761962890625,2.307539701461792,0.17039446532726288
3.784365177154541,2.307539701461792,0.16589942574501038
3.968968152999878,2.307539701461792,0.14350862801074982
4.153571605682373,2.307539701461792,0.0945144072175026
4.338174819946289,2.307539701461792,0.044458117336034775
4.522777557373047,2.307539701461792,0.0291601475328207
4.707380771636963,2.307539701461792,0.025799153372645378
4.891983985900879,2.307539701461792,0.03003108501434326
5.076587200164795,2.307539701461792,0.032923635095357895
-5.815000057220459,2.492142915725708,0.09633854031562805
-5.630396842956543,2.492142915725708,0.048081256449222565
-3.230555534362793,2.492142915725708,0.01778542250394821
-3.045952320098877,2.492142915725708,0.03712126240134239
-2.861349105834961,2.492142915725708,0.045865751802921295
-2.676746129989624,2.492142915725708,0.03514467552304268
-2.492142915725708,2.492142915725708,0.03266877681016922
-2.307539701461792,2.492142915725708,0.06597065180540085
-2.122936487197876,2.492142915725708,0.10535536706447601
-1.9383333921432495,2.492142915725708,0.14539754390716553
-1.7537301778793335,2.492142915725708,0.17244784533977509
-1.5691269636154175,2.492142915725708,0.15337014198303223
-1.384523868560791,2.492142915725708,0.11694184690713882
-1.199920654296875,2.492142915725708,0.08444277942180634
-1.015317440032959,2.492142915725708,0.05540255829691887
-0.8307142853736877,2.492142915725708,0.05850911885499954
-0.6461111307144165,2.492142915725708,0.07356736809015274
-0.4615079462528229,2.492142915725708,0.06544297188520432
-0.27690476179122925,2.492142915725708,0.044190727174282074
2.122936487197876,2.492142915725708,0.020356129854917526
2.307539701461792,2.492142915725708,0.06735383719205856
2.492142915725708,2.492142915725708,0.09329491853713989
2.676746129989624,2.492142915725708,0.08094935864210129
2.861349105834961,2.492142915725708,0.0714988112449646
3.045952320098877,2.492142915725708,0.07562035322189331
3.230555534362793,2.492142915725708,0.09018102288246155
3.415158748626709,2.492142915725708,0.1315392255783081
3.599761962890625,2.492142915725708,0.1623244434595108
3.784365177154541,2.492142915725708,0.1578294187784195
3.968968152999878,2.492142915725708,0.13543862104415894
4.153571605682373,2.492142915725708,0.08644438534975052
4.338174819946289,2.492142915725708,0.036388102918863297
4.522777557373047,2.492142915725708,0.021090131253004074
4.707380771636963,2.492142915725708,0.0177291389554739
4.891983985900879,2.492142915725708,0.021961070597171783
5.076587200164795,2.492142915725708,0.024853620678186417
-5.815000057220459,2.676746129989624,0.06904155761003494
-5.630396842956543,2.676746129989624,0.020784275606274605
-3.045952320098877,2.676746129989624,0.009824278764426708
-2.861349105834961,2.676746129989624,0.018568770959973335
-2.676746129989624,2.676746129989624,0.007847689092159271
-2.492142915725708,2.676746129989624,0.005371789913624525
-2.307539701461792,2.676746129989624,0.03867366909980774
-2.122936487197876,2.676746129989624,0.0780583843588829
-1.9383333921432495,2.676746129989624,0.11810056865215302
-1.7537301778793335,2.676746129989624,0.14515085518360138
-1.5691269636154175,2.676746129989624,0.12607315182685852
-1.384523868560791,2.676746129989624,0.08964487165212631
-1.199920654296875,2.676746129989624,0.05714579299092293
-1.015317440032959,2.676746129989624,0.02810557372868061
-0.8307142853736877,2.676746129989624,0.031212134286761284
-0.6461111307144165,2.676746129989624,0.046270377933979034
-0.4615079462528229,2.676746129989624,0.03814598172903061
-0.27690476179122925,2.676746129989624,0.016893744468688965
2.307539701461792,2.676746129989624,0.040056850761175156
2.492142915725708,2.676746129989624,0.06599792838096619
2.676746129989624,2.676746129989624,0.05365237221121788
2.861349105834961,2.676746129989624,0.044201821088790894
3.045952320098877,2.676746129989624,0.04832335561513901
3.230555534362793,2.676746129989624,0.06288403272628784
3.415158748626709,2.676746129989624,0.1042422503232956
3.599761962890625,2.676746129989624,0.1350274533033371
3.784365177154541,2.676746129989624,0.1305324286222458
3.968968152999878,2.676746129989624,0.10814163833856583
4.153571605682373,2.676746129989624,0.05914739891886711
4.338174819946289,2.676746129989624,0.009091118350625038
-2.122936487197876,2.861349105834961,0.008936627767980099
-1.9383333921432495,2.861349105834961,0.04897880181670189
-1.7537301778793335,2.861349105834961,0.07602910697460175
-1.5691269636154175,2.861349105834961,0.056951407343149185
-1.384523868560791,2.861349105834961,0.020523112267255783
3.415158748626709,2.861349105834961,0.035120487213134766
3.599761962890625,2.861349105834961,0.06590570509433746
3.784365177154541,2.861349105834961,0.06141066923737526
3.968968152999878,2.861349105834961,0.0390198789536953
-1.7537301778793335,3.045952320098877,0.026940399780869484
-1.5691269636154175,3.045952320098877,0.007862699218094349
3.599761962890625,3.045952320098877,0.01681699976325035
3.784365177154541,3.045952320098877,0.01232196670025587
-1.7537301778793335,3.230555534362793,0.018591923639178276
3.599761962890625,3.230555534362793,0.008468523621559143
3.784365177154541,3.230555534362793,0.003973490092903376
-1.9383333921432495,3.415158748626709,0.018304530531167984
-1.7537301778793335,3.415158748626709,0.04535483196377754
-1.5691269636154175,3.415158748626709,0.02627713419497013
3.415158748626709,3.415158748626709,0.004446213599294424
3.599761962890625,3.415158748626709,0.03523143380880356
3.784365177154541,3.415158748626709,0.030736399814486504
3.968968152999878,3.415158748626709,0.008345608599483967
-5.815000057220459,3.599761962890625,0.01073263119906187
-2.122936487197876,3.599761962890625,0.019749458879232407
-1.9383333921432495,3.599761962890625,0.05979163572192192
-1.7537301778793335,3.599761962890625,0.08684194087982178
-1.5691269636154175,3.599761962890625,0.06776423752307892
-1.384523868560791,3.599761962890625,0.031335942447185516
2.492142915725708,3.599761962890625,0.007689002901315689
3.230555534362793,3.599761962890625,0.004575107712298632
3.415158748626709,3.599761962890625,0.0459333173930645
3.599761962890625,3.599761962890625,0.0767185389995575
3.784365177154541,3.599761962890625,0.07222350686788559
3.968968152999878,3.599761962890625,0.04983270913362503
4.153571605682373,3.599761962890625,0.0008384729735553265
-5.815000057220459,3.784365177154541,0.00926965195685625
-2.122936487197876,3.784365177154541,0.018286477774381638
-1.9383333921432495,3.784365177154541,0.05832865089178085
-1.7537301778793335,3.784365177154541,0.08537895977497101
-1.5691269636154175,3.784365177154541,0.06630125641822815
-1.384523868560791,3.784365177154541,0.029872965067625046
2.492142915725708,3.784365177154541,0.006226022727787495
3.230555534362793,3.784365177154541,0.003112127771601081
3.415158748626709,3.784365177154541,0.04447033628821373
3.599761962890625,3.784365177154541,0.07525555789470673
3.784365177154541,3.784365177154541,0.07076052576303482
3.968968152999878,3.784365177154541,0.04836973175406456
-2.122936487197876,3.968968152999878,0.008648357354104519
-1.9383333921432495,3.968968152999878,0.04869053140282631
-1.7537301778793335,3.968968152999878,0.07574083656072617
-1.5691269636154175,3.968968152999878,0.05666313320398331
-1.384523868560791,3.968968152999878,0.020234843716025352
3.415158748626709,3.968968152999878,0.034832216799259186
3.599761962890625,3.968968152999878,0.06561743468046188
3.784365177154541,3.968968152999878,0.06112240254878998
3.968968152999878,3.968968152999878,0.03873160853981972
-1.9383333921432495,4.153571605682373,0.03321053087711334
-1.7537301778793335,4.153571605682373,0.0602608323097229
-1.5691269636154175,4.153571605682373,0.04118313267827034
-1.384523868560791,4.153571605682373,0.004754839930683374
3.415158748626709,4.153571605682373,0.01935221441090107
3.599761962890625,4.153571605682373,0.05013743415474892
3.784365177154541,4.153571605682373,0.04564239829778671
3.968968152999878,4.153571605682373,0.0232516098767519
-5.815000057220459,4.338174819946289,0.019474655389785767
-2.122936487197876,4.338174819946289,0.028491482138633728
-1.9383333921432495,4.338174819946289,0.06853365898132324
-1.7537301778793335,4.338174819946289,0.0955839604139328
-1.5691269636154175,4.338174819946289,0.07650625705718994
-1.384523868560791,4.338174819946289,0.04007796570658684
-1.199920654296875,4.338174819946289,0.007578892167657614
2.492142915725708,4.338174819946289,0.01643102616071701
2.676746129989624,4.338174819946289,0.004085468593984842
3.230555534362793,4.338174819946289,0.01331713143736124
3.415158748626709,4.338174819946289,0.05467533692717552
3.599761962890625,4.338174819946289,0.08546056598424911
3.784365177154541,4.338174819946289,0.08096552640199661
3.968968152999878,4.338174819946289,0.05857473239302635
4.153571605682373,4.338174819946289,0.00958049576729536
-5.815000057220459,4.522777557373047,0.0848202109336853
-5.630396842956543,4.522777557373047,0.036562927067279816
-3.230555534362793,4.522777557373047,0.006267088931053877
-3.045952320098877,4.522777557373047,0.025602929294109344
-2.861349105834961,4.522777557373047,0.034347422420978546
-2.676746129989624,4.522777557373047,0.023626340553164482
-2.492142915725708,4.522777557373047,0.021150441840291023
-2.307539701461792,4.522777557373047,0.0544523186981678
-2.122936487197876,4.522777557373047,0.09383704513311386
-1.9383333921432495,4.522777557373047,0.13387919962406158
-1.7537301778793335,4.522777557373047,0.16092951595783234
-1.5691269636154175,4.522777557373047,0.14185181260108948
-1.384523868560791,4.522777557373047,0.10542351752519608
-1.199920654296875,4.522777557373047,0.07292445003986359
-1.015317440032959,4.522777557373047,0.04388422146439552
-0.8307142853736877,4.522777557373047,0.046990785747766495
-0.6461111307144165,4.522777557373047,0.062049031257629395
-0.4615079462528229,4.522777557373047,0.05392463132739067
-0.27690476179122925,4.522777557373047,0.032672394067049026
2.122936487197876,4.522777557373047,0.008837795816361904
2.307539701461792,4.522777557373047,0.05583550035953522
2.492142915725708,4.522777557373047,0.08177658170461655
2.676746129989624,4.522777557373047,0.06943102180957794
2.861349105834961,4.522777557373047,0.059980470687150955
3.045952320098877,4.522777557373047,0.06410200893878937
3.230555534362793,4.522777557373047,0.0786626860499382
3.415158748626709,4.522777557373047,0.12002090364694595
3.599761962890625,4.522777557373047,0.15080611407756805
3.784365177154541,4.522777557373047,0.14631107449531555
3.968968152999878,4.522777557373047,0.12392029911279678
4.153571605682373,4.522777557373047,0.07492604851722717
4.338174819946289,4.522777557373047,0.02486976981163025
4.522777557373047,4.522777557373047,0.009571797214448452
4.707380771636963,4.522777557373047,0.006210803519934416
4.891983985900879,4.522777557373047,0.010442735627293587
5.076587200164795,4.522777557373047,0.01333528570830822
-5.815000057220459,4.707380771636963,0.14520464837551117
-5.630396842956543,4.707380771636963,0.09694737195968628
-5.445793628692627,4.707380771636963,0.046917874366045
-4.522777557373047,4.707380771636963,0.003157696221023798
-3.415158748626709,4.707380771636963,0.018535304814577103
-3.230555534362793,4.707380771636963,0.06665153056383133
-3.045952320098877,4.707380771636963,0.08598737418651581
-2.861349105834961,4.707380771636963,0.09473186731338501
-2.676746129989624,4.707380771636963,0.0840107873082161
-2.492142915725708,4.707380771636963,0.08153488487005234
-2.307539701461792,4.707380771636963,0.11483675986528397
-2.122936487197876,4.707380771636963,0.15422147512435913
-1.9383333921432495,4.707380771636963,0.19426365196704865
-1.7537301778793335,4.707380771636963,0.221313938498497
-1.5691269636154175,4.707380771636963,0.20223623514175415
-1.384523868560791,4.707380771636963,0.16580796241760254
-1.199920654296875,4.707380771636963,0.13330888748168945
-1.015317440032959,4.707380771636963,0.10426867008209229
-0.8307142853736877,4.707380771636963,0.10737522691488266
-0.6461111307144165,4.707380771636963,0.12243348360061646
-0.4615079462528229,4.707380771636963,0.11430907994508743
-0.27690476179122925,4.707380771636963,0.09305684268474579
-0.09230158478021622,4.707380771636963,0.04572884738445282
1.9383333921432495,4.707380771636963,0.0188409686088562
2.122936487197876,4.707380771636963,0.06922224164009094
2.307539701461792,4.707380771636963,0.11621995270252228
2.492142915725708,4.707380771636963,0.142161026597023
2.676746129989624,4.707380771636963,0.1298154592514038
2.861349105834961,4.707380771636963,0.12036491930484772
3.045952320098877,4.707380771636963,0.12448644638061523
3.230555534362793,4.707380771636963,0.13904711604118347
3.415158748626709,4.707380771636963,0.18040533363819122
3.599761962890625,4.707380771636963,0.21119055151939392
3.784365177154541,4.707380771636963,0.2066955268383026
3.968968152999878,4.707380771636963,0.18430472910404205
4.153571605682373,4.707380771636963,0.13531048595905304
4.338174819946289,4.707380771636963,0.08525421470403671
4.522777557373047,4.707380771636963,0.06995624303817749
4.707380771636963,4.707380771636963,0.06659524887800217
4.891983985900879,4.707380771636963,0.0708271786570549
5.076587200164795,4.707380771636963,0.07371973246335983
5.261190414428711,4.707380771636963,0.039006028324365616
